Sno,Weight
0,0.1056931
1,0.14504741
2,0.1630851
3,0.13428317
